{"ticker": "TCS.NS", "trained_at": 1775669692.1459005, "metrics": {"val_loss": 6.1455559730529785, "val_open_dir_accuracy": 0.6399999856948853, "val_close_dir_accuracy": 0.49300000071525574, "train_ret_std_open": 0.23881325659766378, "train_ret_std_close": 0.46750638718797555}}