{"ticker": "RELIANCE.NS", "trained_at": 1775672711.188408, "metrics": {"val_loss": 6.9897613525390625, "val_open_dir_accuracy": 0.6716417670249939, "val_close_dir_accuracy": 0.5522388219833374, "train_ret_std_open": 0.4113354170280753, "train_ret_std_close": 0.5365578691401436}}